House_ID,Area,Bedrooms,Bathrooms,Floors,Age,Parking,Location,Furnished,Price
1,1002,2,2,2,25,0,Solapur,Unfurnished,86.37
2,1013,3,2,1,26,1,Aurangabad,Unfurnished,112.5
3,585,2,2,2,4,1,Beed,Unfurnished,69.91
4,1676,3,3,2,7,0,Aurangabad,Furnished,150.27
5,629,1,1,1,17,3,Pune,Unfurnished,137.27
6,537,2,2,2,12,0,Pune,Furnished,160.88
7,546,1,1,1,7,2,Sangli,Semi-Furnished,70.28
8,1744,3,3,2,26,1,Solapur,Furnished,144.75
9,1233,3,2,2,9,1,Solapur,Furnished,121.1
10,1440,3,2,1,26,3,Solapur,Unfurnished,114.13
11,1293,3,3,3,6,1,Nagpur,Semi-Furnished,128.15
12,1022,1,1,1,14,0,Nanded,Unfurnished,79.19
13,1241,1,1,1,16,0,Latur,Furnished,109.26
14,608,1,1,1,3,0,Latur,Semi-Furnished,59.73
15,1882,4,3,1,0,0,Aurangabad,Semi-Furnished,171.43
16,942,1,1,1,0,1,Amravati,Furnished,109.96
17,1616,2,2,2,27,0,Pune,Furnished,210.28
18,1331,3,3,3,23,3,Satara,Semi-Furnished,138.47
19,1328,2,2,2,8,0,Pune,Unfurnished,195.46
20,919,2,1,1,22,0,Nashik,Semi-Furnished,133.57
21,1794,4,3,2,0,0,Sangli,Semi-Furnished,142.41
22,1467,2,2,2,4,3,Jalgaon,Unfurnished,129.15
23,1346,2,2,2,7,0,Nashik,Unfurnished,138.81
24,787,2,2,1,28,0,Amravati,Semi-Furnished,78.32
25,1481,5,5,2,13,2,Jalgaon,Semi-Furnished,132.6
26,1009,2,1,1,10,0,Beed,Semi-Furnished,92.69
27,1794,3,2,2,2,3,Aurangabad,Semi-Furnished,175.01
28,1198,3,2,3,14,0,Aurangabad,Semi-Furnished,123.99
29,1371,4,4,2,28,1,Aurangabad,Semi-Furnished,131.9
30,2092,4,3,2,4,1,Amravati,Semi-Furnished,160.06
31,1250,3,2,2,15,0,Amravati,Semi-Furnished,102.67
32,1547,2,2,3,11,2,Pune,Unfurnished,195.06
33,1299,2,1,2,28,1,Pune,Furnished,186.94
34,1903,3,3,2,4,3,Ahmednagar,Semi-Furnished,169.5
35,559,1,1,2,2,0,Latur,Furnished,83.6
36,1110,2,2,2,19,1,Mumbai,Semi-Furnished,249.72
37,1095,2,2,4,13,1,Nanded,Furnished,110.71
38,996,2,1,1,8,2,Jalgaon,Unfurnished,104.94
39,1107,2,2,2,3,1,Mumbai,Furnished,262.27
40,1247,3,3,3,6,3,Jalgaon,Unfurnished,134.28
41,450,1,1,3,27,0,Kolhapur,Semi-Furnished,81.55
42,1681,4,4,4,15,2,Beed,Unfurnished,120.98
43,909,1,1,1,26,2,Amravati,Furnished,81.8
44,2074,4,3,2,21,2,Sangli,Semi-Furnished,177.04
45,937,2,1,1,20,0,Nanded,Furnished,94.63
46,1271,3,2,1,8,0,Aurangabad,Furnished,143.53
47,450,1,1,1,0,1,Mumbai,Furnished,236.15
48,1645,3,3,2,17,1,Nashik,Furnished,174.72
49,1131,2,1,2,28,0,Sangli,Furnished,106.25
50,1235,2,1,1,14,0,Aurangabad,Unfurnished,101.33
51,1502,2,1,3,26,1,Sangli,Unfurnished,100.46
52,998,3,2,3,16,1,Aurangabad,Unfurnished,136.0
53,698,1,1,1,3,2,Beed,Unfurnished,60.04
54,1865,3,2,1,2,2,Sangli,Unfurnished,159.76
55,1382,2,1,2,16,0,Beed,Semi-Furnished,109.03
56,1646,3,2,2,14,1,Nashik,Unfurnished,171.84
57,613,1,1,1,24,0,Amravati,Unfurnished,49.63
58,1063,2,1,4,29,0,Latur,Semi-Furnished,92.24
59,1808,3,2,4,3,1,Sangli,Unfurnished,152.15
60,502,1,1,1,23,0,Nanded,Unfurnished,55.4
61,2325,4,4,1,4,2,Pune,Semi-Furnished,275.19
62,1179,2,2,3,4,2,Kolhapur,Semi-Furnished,145.41
63,2047,4,4,2,0,2,Sangli,Furnished,189.14
64,1596,2,2,2,19,2,Nashik,Furnished,166.89
65,1686,3,2,1,1,2,Mumbai,Furnished,291.39
66,809,1,1,3,26,2,Ahmednagar,Unfurnished,98.57
67,719,1,1,1,10,0,Amravati,Semi-Furnished,77.91
68,1576,3,2,1,18,3,Nagpur,Unfurnished,169.51
69,1036,2,1,1,14,1,Kolhapur,Semi-Furnished,105.22
70,505,1,1,2,26,1,Satara,Unfurnished,42.36
71,1717,3,2,1,17,1,Sangli,Furnished,160.77
72,1276,2,2,1,29,0,Ahmednagar,Unfurnished,77.62
73,1717,3,2,2,16,1,Pune,Unfurnished,200.72
74,1487,3,3,4,17,1,Amravati,Semi-Furnished,129.97
75,1013,2,2,1,1,3,Beed,Unfurnished,99.7
76,927,2,1,3,14,1,Mumbai,Furnished,233.09
77,673,2,1,2,11,0,Nagpur,Furnished,108.69
78,1267,2,1,1,7,1,Solapur,Unfurnished,125.83
79,670,1,1,1,17,2,Amravati,Unfurnished,66.83
80,1391,3,2,2,6,2,Kolhapur,Furnished,157.19
81,1093,2,1,1,20,1,Kolhapur,Furnished,119.43
82,1499,3,2,1,19,0,Sangli,Furnished,144.85
83,1767,3,2,1,16,1,Nanded,Semi-Furnished,129.99
84,953,2,1,2,23,2,Nanded,Semi-Furnished,98.28
85,563,1,1,4,14,0,Pune,Semi-Furnished,133.97
86,1124,2,2,4,22,2,Beed,Semi-Furnished,105.99
87,617,1,1,1,4,1,Latur,Semi-Furnished,92.21
88,1468,3,2,1,22,2,Ahmednagar,Unfurnished,121.47
89,1017,3,2,2,23,0,Nanded,Semi-Furnished,95.98
90,1325,2,1,1,29,1,Mumbai,Furnished,237.22
91,768,2,2,3,10,3,Satara,Furnished,121.24
92,953,2,1,1,1,1,Ahmednagar,Furnished,129.17
93,1081,1,1,2,23,2,Kolhapur,Semi-Furnished,101.34
94,1756,3,3,4,11,0,Sangli,Semi-Furnished,160.67
95,463,1,1,2,25,2,Pune,Furnished,147.19
96,1713,3,3,2,12,2,Nashik,Unfurnished,168.54
97,1476,3,3,2,5,0,Ahmednagar,Furnished,144.16
98,1537,3,3,2,6,0,Solapur,Unfurnished,124.2
99,1588,2,1,3,5,0,Sangli,Unfurnished,124.13
100,1070,2,1,2,21,1,Aurangabad,Unfurnished,102.11
101,998,2,2,1,10,1,Latur,Furnished,95.29
102,698,1,1,3,28,0,Nagpur,Furnished,77.77
103,1149,2,2,2,26,2,Nanded,Semi-Furnished,90.69
104,1538,2,2,2,7,0,Mumbai,Unfurnished,268.58
105,1456,3,2,1,20,2,Nanded,Semi-Furnished,99.23
106,1522,3,2,2,20,1,Satara,Furnished,122.25
107,1046,1,1,1,12,3,Latur,Unfurnished,88.31
108,1077,2,1,1,1,2,Jalgaon,Furnished,130.09
109,2058,4,4,1,22,2,Kolhapur,Furnished,171.73
110,1637,3,3,1,26,1,Jalgaon,Semi-Furnished,135.29
111,1430,4,4,1,21,2,Beed,Semi-Furnished,118.54
112,1418,3,2,2,21,0,Aurangabad,Semi-Furnished,144.23
113,1023,2,1,1,11,0,Nashik,Furnished,143.18
114,1590,3,2,2,3,2,Latur,Unfurnished,147.43
115,947,1,1,1,25,2,Jalgaon,Unfurnished,86.07
116,1777,3,2,2,19,1,Latur,Semi-Furnished,138.27
117,1257,2,1,2,22,1,Aurangabad,Unfurnished,116.92
118,1027,3,3,1,21,0,Mumbai,Unfurnished,228.76
119,1568,3,2,3,5,0,Aurangabad,Unfurnished,143.07
120,1273,2,1,1,0,1,Ahmednagar,Unfurnished,132.02
121,1280,3,2,2,22,1,Nanded,Unfurnished,105.24
122,775,2,1,1,14,0,Pune,Semi-Furnished,154.12
123,1332,3,3,1,24,2,Amravati,Semi-Furnished,117.34
124,910,1,1,4,12,2,Pune,Furnished,185.67
125,1655,3,3,1,12,1,Kolhapur,Semi-Furnished,126.94
126,510,1,1,2,2,0,Aurangabad,Unfurnished,66.75
127,1251,3,2,4,1,1,Amravati,Semi-Furnished,132.3
128,2347,5,5,2,10,0,Beed,Unfurnished,133.37
129,1308,3,2,1,12,0,Jalgaon,Unfurnished,98.12
130,753,3,2,2,1,0,Beed,Semi-Furnished,85.48
131,1398,3,2,1,16,1,Beed,Furnished,113.55
132,1278,2,1,3,14,1,Amravati,Furnished,145.38
133,864,1,1,3,6,1,Amravati,Semi-Furnished,97.9
134,919,3,2,1,2,1,Pune,Unfurnished,158.27
135,1054,2,1,2,9,1,Latur,Semi-Furnished,107.24
136,1009,2,1,2,3,0,Amravati,Semi-Furnished,98.67
137,1807,3,3,1,20,0,Nagpur,Semi-Furnished,148.28
138,1164,3,2,1,11,0,Pune,Furnished,196.15
139,838,2,1,2,16,0,Solapur,Furnished,86.48
140,1605,4,3,2,0,1,Latur,Unfurnished,127.33
141,896,1,1,3,8,2,Solapur,Furnished,115.7
142,1880,3,3,1,17,2,Jalgaon,Semi-Furnished,140.67
143,1171,2,1,2,17,3,Latur,Semi-Furnished,100.1
144,1669,3,2,1,1,1,Nashik,Unfurnished,171.64
145,1279,1,1,1,5,0,Jalgaon,Unfurnished,114.5
146,450,1,1,1,23,0,Pune,Semi-Furnished,124.95
147,973,2,2,1,3,1,Jalgaon,Unfurnished,99.71
148,1441,2,1,2,13,0,Pune,Semi-Furnished,199.27
149,1073,2,1,3,25,0,Latur,Semi-Furnished,74.77
150,1480,3,2,2,30,1,Aurangabad,Unfurnished,124.25
151,1741,3,2,3,9,3,Jalgaon,Semi-Furnished,148.79
152,1664,2,1,1,16,0,Nanded,Semi-Furnished,113.6
153,978,2,1,2,0,0,Mumbai,Unfurnished,230.09
154,1834,3,2,3,7,0,Latur,Unfurnished,114.97
155,942,2,2,2,2,0,Beed,Semi-Furnished,89.84
156,1267,2,1,1,12,2,Pune,Semi-Furnished,179.44
157,876,2,1,2,25,2,Sangli,Unfurnished,75.84
158,1660,3,3,2,7,2,Latur,Unfurnished,136.05
159,1207,2,2,3,30,1,Satara,Semi-Furnished,114.61
160,1895,4,4,2,4,0,Kolhapur,Semi-Furnished,159.7
161,1090,2,1,3,1,0,Aurangabad,Semi-Furnished,123.68
162,750,2,2,3,11,1,Ahmednagar,Furnished,116.0
163,1202,3,2,1,14,1,Nashik,Furnished,162.28
164,912,1,1,3,28,1,Aurangabad,Semi-Furnished,87.8
165,2380,4,3,1,18,1,Latur,Unfurnished,168.29
166,1556,2,1,2,17,1,Nashik,Furnished,166.9
167,789,2,1,3,26,3,Kolhapur,Unfurnished,102.01
168,865,1,1,1,20,0,Latur,Furnished,81.78
169,450,1,1,2,25,0,Aurangabad,Semi-Furnished,75.68
170,1600,3,2,3,24,1,Kolhapur,Unfurnished,126.27
171,1648,3,3,1,30,1,Nashik,Unfurnished,147.23
172,741,1,1,2,10,3,Mumbai,Semi-Furnished,235.09
173,873,2,1,1,20,1,Amravati,Unfurnished,79.23
174,1047,2,1,2,10,0,Solapur,Semi-Furnished,100.76
175,1143,3,2,2,24,1,Kolhapur,Semi-Furnished,118.23
176,922,2,2,2,6,2,Jalgaon,Furnished,101.87
177,1118,1,1,3,30,1,Beed,Semi-Furnished,72.68
178,1793,3,3,4,23,0,Solapur,Unfurnished,142.41
179,1784,4,3,3,7,1,Aurangabad,Semi-Furnished,167.04
180,1127,2,2,2,10,0,Nanded,Furnished,113.38
181,1260,3,3,2,22,0,Satara,Semi-Furnished,120.01
182,902,3,3,1,4,1,Nashik,Unfurnished,133.67
183,1113,1,1,2,20,0,Jalgaon,Furnished,100.67
184,1114,2,1,1,14,0,Amravati,Semi-Furnished,93.98
185,1203,3,3,2,19,1,Mumbai,Semi-Furnished,251.25
186,797,1,1,2,24,0,Mumbai,Semi-Furnished,219.13
187,1481,3,3,3,2,0,Aurangabad,Furnished,149.46
188,607,1,1,4,13,1,Latur,Semi-Furnished,77.7
189,1054,2,2,2,8,3,Kolhapur,Semi-Furnished,116.02
190,1132,2,1,1,23,0,Aurangabad,Furnished,106.74
191,1677,4,4,1,22,2,Latur,Semi-Furnished,146.5
192,1636,3,3,2,8,3,Nagpur,Semi-Furnished,153.81
193,745,1,1,1,21,2,Jalgaon,Semi-Furnished,72.53
194,870,1,1,1,5,0,Ahmednagar,Unfurnished,68.32
195,1162,2,1,2,12,1,Amravati,Semi-Furnished,100.47
196,1253,2,1,2,29,1,Latur,Unfurnished,101.28
197,1106,2,1,3,12,1,Mumbai,Semi-Furnished,268.29
198,930,2,1,1,12,3,Sangli,Semi-Furnished,115.25
199,931,2,1,2,17,0,Nagpur,Semi-Furnished,96.38
200,846,2,2,1,10,1,Satara,Unfurnished,94.19
201,974,2,2,1,15,3,Nashik,Semi-Furnished,125.26
202,581,2,2,2,2,0,Sangli,Semi-Furnished,95.03
203,1487,3,3,3,30,0,Jalgaon,Furnished,108.78
204,1094,1,1,1,23,2,Sangli,Semi-Furnished,96.07
205,1182,2,1,2,4,2,Beed,Semi-Furnished,99.65
206,1438,2,1,2,9,1,Ahmednagar,Unfurnished,117.08
207,1563,3,2,3,16,0,Amravati,Semi-Furnished,116.23
208,1428,3,3,2,9,2,Ahmednagar,Semi-Furnished,138.38
209,450,1,1,1,2,0,Nanded,Furnished,63.6
210,1727,4,3,2,27,3,Kolhapur,Semi-Furnished,166.68
211,1087,2,2,1,13,0,Beed,Furnished,104.58
212,1094,1,1,1,23,1,Kolhapur,Furnished,119.62
213,1225,2,2,3,3,3,Aurangabad,Unfurnished,133.22
214,764,2,1,3,15,2,Nashik,Furnished,103.93
215,1765,3,2,1,24,2,Aurangabad,Furnished,144.53
216,1089,2,2,3,8,3,Aurangabad,Semi-Furnished,128.26
217,2199,4,3,2,12,2,Latur,Unfurnished,165.49
218,1287,3,2,3,2,2,Pune,Furnished,218.97
219,585,1,1,1,18,1,Mumbai,Furnished,234.44
220,1807,3,2,1,20,2,Nagpur,Unfurnished,181.21
221,1500,3,2,2,24,0,Solapur,Semi-Furnished,105.79
222,1319,1,1,1,27,0,Pune,Semi-Furnished,164.06
223,1636,3,3,2,5,1,Jalgaon,Unfurnished,153.99
224,652,1,1,3,4,3,Sangli,Unfurnished,100.76
225,1248,2,1,3,2,1,Amravati,Semi-Furnished,112.27
226,1903,4,3,3,21,1,Ahmednagar,Semi-Furnished,147.67
227,1312,2,1,2,20,0,Sangli,Semi-Furnished,88.18
228,1303,2,2,3,16,0,Aurangabad,Semi-Furnished,131.49
229,1135,2,2,3,25,1,Mumbai,Semi-Furnished,253.85
230,1258,2,1,1,4,0,Nanded,Unfurnished,102.52
231,1532,2,1,2,20,3,Amravati,Furnished,125.37
232,828,2,2,2,12,1,Nagpur,Unfurnished,118.06
233,2206,4,3,2,21,0,Aurangabad,Unfurnished,167.93
234,1500,3,2,2,0,0,Ahmednagar,Furnished,137.34
235,1324,2,2,3,19,1,Beed,Unfurnished,107.95
236,518,1,1,3,13,1,Aurangabad,Unfurnished,81.68
237,1385,3,2,4,17,1,Jalgaon,Furnished,125.61
238,1399,3,2,1,17,1,Nanded,Furnished,133.63
239,1486,3,3,2,9,1,Nanded,Unfurnished,130.21
240,708,1,1,3,27,1,Kolhapur,Semi-Furnished,89.4
241,1874,3,2,1,28,1,Pune,Unfurnished,188.98
242,528,1,1,4,28,1,Aurangabad,Semi-Furnished,71.57
243,1469,3,2,4,21,1,Ahmednagar,Furnished,138.23
244,2435,4,3,3,25,2,Amravati,Semi-Furnished,178.27
245,862,1,1,1,13,0,Ahmednagar,Unfurnished,93.99
246,1084,2,2,2,16,1,Sangli,Semi-Furnished,109.41
247,2340,5,4,1,24,1,Latur,Semi-Furnished,167.71
248,1619,3,3,3,15,1,Aurangabad,Semi-Furnished,174.27
249,1567,2,1,1,15,0,Solapur,Semi-Furnished,130.7
250,1880,3,2,4,14,2,Nanded,Semi-Furnished,169.77
251,707,1,1,1,5,3,Satara,Furnished,108.59
252,1600,3,2,1,25,0,Jalgaon,Furnished,145.94
253,1070,2,2,2,1,1,Nashik,Semi-Furnished,161.3
254,1267,3,3,2,11,0,Kolhapur,Furnished,137.96
255,1441,3,3,4,18,0,Solapur,Semi-Furnished,108.14
256,754,2,1,3,4,0,Nanded,Furnished,88.99
257,1020,2,1,2,0,2,Nashik,Unfurnished,134.45
258,1012,2,2,1,25,0,Pune,Semi-Furnished,163.42
259,1293,2,1,2,1,1,Satara,Unfurnished,125.82
260,1329,3,2,1,1,0,Ahmednagar,Unfurnished,121.32
261,2126,4,3,2,26,3,Amravati,Unfurnished,174.27
262,1374,2,1,2,12,1,Kolhapur,Semi-Furnished,151.7
263,1891,4,3,2,9,0,Ahmednagar,Semi-Furnished,142.86
264,1621,3,2,4,27,2,Beed,Semi-Furnished,121.24
265,1216,2,1,1,1,0,Solapur,Semi-Furnished,115.17
266,1357,3,3,3,12,1,Solapur,Semi-Furnished,129.37
267,1166,2,2,2,24,0,Sangli,Furnished,127.11
268,1143,2,1,2,4,1,Nanded,Semi-Furnished,127.75
269,1261,1,1,2,3,0,Ahmednagar,Unfurnished,116.55
270,1178,2,2,3,19,1,Aurangabad,Unfurnished,115.01
271,450,1,1,3,24,1,Amravati,Furnished,57.74
272,898,2,1,3,6,0,Mumbai,Furnished,248.39
273,450,1,1,1,14,1,Solapur,Semi-Furnished,72.04
274,1663,3,2,2,9,1,Pune,Semi-Furnished,200.06
275,612,1,1,2,18,0,Amravati,Semi-Furnished,80.65
276,1023,3,3,1,17,0,Mumbai,Semi-Furnished,243.21
277,1363,2,1,1,23,1,Beed,Semi-Furnished,83.89
278,1366,3,3,2,28,2,Mumbai,Unfurnished,263.97
279,1728,3,2,1,21,1,Mumbai,Unfurnished,278.62
280,1221,2,1,2,14,2,Latur,Semi-Furnished,94.12
281,912,2,2,2,22,1,Ahmednagar,Semi-Furnished,90.79
282,2199,4,3,1,3,2,Jalgaon,Furnished,197.48
283,889,2,2,1,5,3,Mumbai,Semi-Furnished,247.92
284,1429,3,2,2,24,0,Amravati,Unfurnished,103.81
285,1420,3,2,1,18,3,Jalgaon,Semi-Furnished,112.68
286,1747,3,2,2,6,0,Ahmednagar,Semi-Furnished,163.76
287,1582,3,2,1,4,0,Solapur,Unfurnished,134.91
288,1280,2,1,2,30,3,Pune,Semi-Furnished,185.14
289,1521,3,2,2,30,0,Nagpur,Semi-Furnished,132.27
290,981,1,1,2,25,1,Nanded,Furnished,99.85
291,1855,4,4,1,24,0,Ahmednagar,Semi-Furnished,159.38
292,450,1,1,3,9,2,Nanded,Semi-Furnished,62.0
293,1016,2,1,4,21,0,Pune,Unfurnished,169.11
294,854,1,1,1,17,2,Kolhapur,Furnished,129.63
295,1447,3,3,2,16,0,Nashik,Furnished,156.9
296,1182,2,1,2,10,0,Sangli,Furnished,131.09
297,1361,3,2,1,4,3,Aurangabad,Furnished,148.97
298,1388,3,3,2,25,0,Latur,Semi-Furnished,84.89
299,1804,2,2,1,7,1,Nagpur,Furnished,161.91
300,1091,1,1,4,25,1,Solapur,Semi-Furnished,92.16
301,1632,4,3,2,9,1,Solapur,Semi-Furnished,139.6
302,875,2,1,1,21,2,Beed,Furnished,83.25
303,1328,2,2,4,25,0,Beed,Semi-Furnished,111.98
304,1222,2,1,2,26,1,Solapur,Unfurnished,103.33
305,1292,3,3,2,27,1,Nashik,Semi-Furnished,128.19
306,873,1,1,2,5,2,Jalgaon,Semi-Furnished,98.43
307,1807,3,2,1,19,1,Nanded,Unfurnished,142.07
308,1418,2,1,2,12,0,Nagpur,Semi-Furnished,138.79
309,1565,3,3,2,4,1,Latur,Unfurnished,124.93
310,1874,4,4,1,16,1,Latur,Furnished,150.72
311,608,2,2,3,14,0,Solapur,Unfurnished,74.1
312,847,2,1,1,18,1,Sangli,Furnished,100.12
313,604,1,1,2,7,1,Aurangabad,Semi-Furnished,94.02
314,1338,3,2,1,5,3,Jalgaon,Unfurnished,141.23
315,1644,4,4,1,2,0,Mumbai,Semi-Furnished,294.89
316,1353,2,2,1,8,0,Jalgaon,Semi-Furnished,100.45
317,1288,1,1,2,9,2,Ahmednagar,Unfurnished,116.93
318,1198,1,1,3,22,0,Jalgaon,Unfurnished,70.89
319,1011,1,1,3,21,0,Pune,Semi-Furnished,163.14
320,1867,3,3,1,14,0,Sangli,Semi-Furnished,133.35
321,1579,3,2,1,16,0,Sangli,Unfurnished,129.75
322,961,2,2,1,29,1,Nanded,Furnished,88.38
323,1043,1,1,1,25,1,Ahmednagar,Unfurnished,64.48
324,1144,2,2,3,14,2,Beed,Semi-Furnished,108.09
325,1377,2,1,3,2,0,Amravati,Semi-Furnished,124.22
326,450,1,1,2,14,1,Aurangabad,Unfurnished,79.13
327,925,1,1,3,14,1,Mumbai,Semi-Furnished,240.5
328,1442,3,3,2,3,1,Ahmednagar,Semi-Furnished,124.05
329,1044,2,2,1,25,0,Nagpur,Furnished,128.67
330,1258,3,2,2,6,2,Satara,Furnished,139.53
331,725,1,1,2,29,2,Ahmednagar,Semi-Furnished,77.83
332,1798,4,3,1,2,3,Satara,Unfurnished,148.94
333,1856,3,2,4,2,1,Sangli,Semi-Furnished,160.37
334,1677,2,1,1,15,1,Nagpur,Semi-Furnished,164.78
335,740,2,1,1,20,1,Beed,Unfurnished,56.41
336,624,1,1,1,11,0,Nashik,Unfurnished,96.99
337,1268,3,2,2,30,1,Nagpur,Semi-Furnished,107.02
338,1110,2,2,3,15,0,Beed,Unfurnished,81.83
339,1554,2,1,2,4,1,Solapur,Semi-Furnished,131.03
340,819,1,1,1,21,0,Solapur,Unfurnished,75.13
341,824,2,1,1,21,0,Nashik,Semi-Furnished,108.23
342,1403,3,3,2,19,1,Beed,Unfurnished,106.79
343,1522,3,2,3,18,2,Ahmednagar,Semi-Furnished,154.32
344,1254,2,2,2,3,1,Solapur,Unfurnished,120.56
345,1779,4,4,2,3,0,Mumbai,Unfurnished,302.85
346,1652,3,2,2,21,0,Amravati,Unfurnished,113.08
347,954,2,2,1,24,1,Nagpur,Semi-Furnished,90.59
348,2110,4,3,3,1,0,Jalgaon,Furnished,194.33
349,1572,2,2,1,1,2,Sangli,Semi-Furnished,147.39
350,1384,3,2,2,22,0,Satara,Unfurnished,108.4
351,1176,2,1,2,16,2,Sangli,Unfurnished,107.06
352,1540,3,2,1,10,0,Ahmednagar,Semi-Furnished,129.83
353,1305,3,3,2,1,1,Kolhapur,Unfurnished,127.02
354,1373,2,1,2,0,1,Ahmednagar,Semi-Furnished,130.13
355,1629,4,3,2,19,2,Nashik,Semi-Furnished,186.82
356,793,1,1,2,18,1,Kolhapur,Semi-Furnished,81.95
357,1239,2,1,1,9,1,Solapur,Semi-Furnished,124.59
358,554,1,1,3,6,1,Mumbai,Unfurnished,222.96
359,1271,3,3,3,12,2,Nanded,Semi-Furnished,102.83
360,719,2,1,2,24,1,Kolhapur,Semi-Furnished,89.16
361,809,1,1,4,12,0,Latur,Furnished,79.64
362,2128,3,2,2,16,1,Nagpur,Semi-Furnished,165.32
363,1069,2,1,2,3,1,Kolhapur,Unfurnished,119.44
364,1712,3,2,2,13,0,Ahmednagar,Unfurnished,133.63
365,2137,3,2,3,25,1,Nanded,Unfurnished,141.16
366,1558,3,2,3,22,0,Amravati,Semi-Furnished,126.33
367,2435,5,5,2,0,0,Nashik,Furnished,235.95
368,587,2,1,1,2,0,Aurangabad,Semi-Furnished,90.6
369,1396,3,2,3,21,0,Jalgaon,Furnished,119.16
370,1304,2,1,3,4,2,Jalgaon,Unfurnished,118.56
371,863,2,1,2,5,1,Ahmednagar,Semi-Furnished,94.46
372,1254,3,3,1,13,1,Ahmednagar,Unfurnished,123.28
373,450,1,1,2,7,0,Sangli,Unfurnished,65.67
374,772,2,1,3,10,1,Satara,Unfurnished,104.44
375,1038,3,3,2,3,0,Nanded,Unfurnished,101.27
376,1760,3,2,2,17,2,Latur,Furnished,132.61
377,1695,3,2,2,13,1,Satara,Semi-Furnished,153.46
378,1009,2,2,1,27,2,Pune,Semi-Furnished,168.39
379,1476,1,1,1,15,2,Kolhapur,Semi-Furnished,133.49
380,799,2,1,2,29,1,Kolhapur,Unfurnished,75.46
381,621,1,1,1,9,1,Nanded,Semi-Furnished,61.82
382,1081,2,1,1,20,0,Sangli,Semi-Furnished,112.42
383,450,1,1,1,13,0,Satara,Unfurnished,58.03
384,1102,2,1,3,10,1,Nashik,Semi-Furnished,142.8
385,1314,3,2,1,11,1,Kolhapur,Semi-Furnished,138.66
386,885,1,1,2,8,1,Amravati,Furnished,97.16
387,1201,3,2,2,1,1,Mumbai,Semi-Furnished,247.63
388,1736,3,2,3,8,1,Satara,Semi-Furnished,140.44
389,1158,2,1,3,30,2,Solapur,Unfurnished,90.71
390,1408,2,1,1,4,0,Kolhapur,Semi-Furnished,124.04
391,1467,3,2,3,13,0,Sangli,Furnished,134.56
392,922,1,1,3,6,2,Sangli,Semi-Furnished,134.76
393,1318,2,1,1,29,0,Satara,Furnished,119.56
394,1403,2,2,3,12,2,Sangli,Unfurnished,140.82
395,1222,2,1,3,9,1,Sangli,Semi-Furnished,131.68
396,1181,2,2,2,28,1,Nashik,Semi-Furnished,124.98
397,1282,2,1,1,2,2,Kolhapur,Furnished,145.77
398,1308,2,1,2,21,1,Pune,Unfurnished,164.55
399,1168,2,2,2,28,1,Nanded,Furnished,103.31
400,1431,3,2,3,4,1,Amravati,Unfurnished,127.36
401,1308,2,1,1,1,0,Satara,Unfurnished,113.42
402,1583,2,1,2,0,1,Sangli,Unfurnished,143.92
403,871,2,1,1,21,0,Solapur,Semi-Furnished,87.58
404,1239,3,2,3,3,2,Sangli,Semi-Furnished,113.75
405,647,1,1,1,27,1,Jalgaon,Furnished,69.21
406,1109,3,3,1,22,0,Beed,Furnished,81.55
407,1208,2,2,1,26,1,Nashik,Semi-Furnished,135.03
408,1345,3,3,2,15,0,Solapur,Semi-Furnished,111.85
409,1465,3,2,2,14,1,Aurangabad,Semi-Furnished,135.38
410,1435,3,2,2,1,1,Beed,Furnished,133.35
411,1530,3,2,2,8,3,Amravati,Semi-Furnished,130.5
412,1071,2,1,2,18,0,Pune,Unfurnished,181.76
413,1972,4,4,1,26,1,Satara,Unfurnished,155.04
414,1766,3,2,1,23,0,Amravati,Unfurnished,127.55
415,603,1,1,1,16,0,Pune,Furnished,154.31
416,1304,2,1,1,13,1,Sangli,Furnished,139.96
417,1185,2,1,1,22,2,Nanded,Semi-Furnished,91.23
418,1177,1,1,1,2,2,Amravati,Furnished,133.29
419,995,2,2,2,24,1,Latur,Semi-Furnished,80.5
420,1469,3,2,2,24,1,Satara,Furnished,141.83
421,973,2,2,2,13,0,Latur,Semi-Furnished,89.99
422,1458,3,3,2,7,3,Jalgaon,Semi-Furnished,135.56
423,545,2,1,2,18,0,Kolhapur,Furnished,81.62
424,1411,3,2,2,28,0,Nashik,Semi-Furnished,140.07
425,1434,3,2,4,13,1,Kolhapur,Unfurnished,139.84
426,1170,3,2,1,9,3,Beed,Unfurnished,117.63
427,1752,4,3,2,7,0,Ahmednagar,Unfurnished,157.77
428,917,3,2,1,20,0,Amravati,Unfurnished,81.18
429,1782,3,2,2,11,1,Satara,Unfurnished,159.99
430,710,2,1,2,26,2,Aurangabad,Furnished,97.5
431,806,2,1,1,29,1,Satara,Semi-Furnished,87.58
432,870,3,2,1,23,2,Nagpur,Semi-Furnished,108.33
433,1376,3,3,1,18,1,Amravati,Unfurnished,105.44
434,862,2,1,2,12,0,Satara,Unfurnished,90.72
435,1203,2,1,1,4,1,Beed,Semi-Furnished,92.26
436,1435,3,2,1,17,2,Ahmednagar,Semi-Furnished,124.58
437,1176,3,2,2,4,2,Nagpur,Semi-Furnished,145.21
438,1426,3,2,1,11,1,Beed,Unfurnished,93.9
439,1762,3,2,3,12,1,Nagpur,Furnished,150.59
440,1503,3,3,1,18,0,Satara,Unfurnished,134.35
441,797,1,1,2,8,1,Sangli,Furnished,93.33
442,1888,3,2,3,19,0,Satara,Semi-Furnished,137.71
443,1303,2,2,1,16,0,Nanded,Furnished,90.3
444,1491,3,2,1,7,0,Mumbai,Semi-Furnished,289.83
445,1852,4,4,2,29,2,Amravati,Unfurnished,151.55
446,913,2,1,1,19,0,Sangli,Furnished,100.0
447,1449,3,2,1,3,0,Pune,Furnished,203.35
448,815,1,1,2,9,2,Pune,Unfurnished,160.23
449,1198,2,1,1,29,1,Aurangabad,Semi-Furnished,101.95
450,1671,3,3,2,27,3,Mumbai,Unfurnished,286.86
451,1396,2,2,2,12,0,Pune,Semi-Furnished,185.72
452,450,1,1,2,20,2,Solapur,Furnished,86.06
453,1515,3,3,1,1,1,Beed,Semi-Furnished,153.73
454,2276,4,3,1,18,1,Nagpur,Furnished,181.33
455,1221,2,1,3,12,1,Beed,Unfurnished,72.59
456,1516,3,3,3,17,2,Latur,Semi-Furnished,115.51
457,1987,4,3,2,17,0,Beed,Semi-Furnished,142.34
458,981,2,1,1,22,0,Nanded,Semi-Furnished,73.11
459,1285,2,1,3,6,1,Jalgaon,Semi-Furnished,135.82
460,1687,3,2,2,12,1,Jalgaon,Furnished,116.2
461,1427,3,3,1,28,0,Pune,Semi-Furnished,185.1
462,943,2,2,1,12,0,Mumbai,Semi-Furnished,238.77
463,450,1,1,1,23,2,Nashik,Furnished,94.78
464,1173,2,2,2,10,1,Satara,Semi-Furnished,121.16
465,1763,4,3,2,21,1,Solapur,Semi-Furnished,141.96
466,1679,3,2,2,12,0,Amravati,Unfurnished,142.77
467,2123,3,2,2,5,1,Pune,Furnished,262.83
468,878,2,1,3,4,0,Ahmednagar,Semi-Furnished,90.5
469,780,1,1,4,22,0,Beed,Unfurnished,38.68
470,2168,4,3,2,28,0,Nanded,Unfurnished,135.92
471,1775,3,3,2,15,0,Amravati,Semi-Furnished,126.83
472,816,1,1,1,14,2,Nagpur,Semi-Furnished,105.35
473,636,1,1,1,28,1,Kolhapur,Semi-Furnished,66.23
474,1718,3,3,4,4,0,Kolhapur,Semi-Furnished,169.65
475,1175,2,2,1,15,3,Jalgaon,Semi-Furnished,101.49
476,1563,2,2,1,7,3,Nanded,Furnished,125.42
477,1340,2,1,1,19,0,Satara,Semi-Furnished,125.22
478,770,1,1,4,28,2,Kolhapur,Semi-Furnished,96.49
479,1692,3,2,2,26,2,Nagpur,Unfurnished,167.4
480,1494,3,3,2,23,0,Amravati,Semi-Furnished,121.85
481,1545,3,2,2,12,1,Nagpur,Unfurnished,142.83
482,1553,3,3,1,10,1,Beed,Unfurnished,145.66
483,537,1,1,1,25,0,Pune,Furnished,138.53
484,575,1,1,1,15,1,Aurangabad,Semi-Furnished,87.88
485,735,2,1,1,3,0,Aurangabad,Unfurnished,85.08
486,940,1,1,2,15,1,Jalgaon,Semi-Furnished,92.6
487,2125,4,3,1,18,1,Latur,Furnished,166.78
488,2125,4,3,2,10,0,Solapur,Furnished,173.44
489,1082,2,1,1,24,0,Nagpur,Semi-Furnished,92.8
490,1412,3,2,1,24,0,Jalgaon,Unfurnished,112.34
491,1294,2,1,4,12,1,Aurangabad,Unfurnished,114.77
492,1774,3,2,2,18,0,Latur,Furnished,138.26
493,1431,2,2,3,17,0,Ahmednagar,Semi-Furnished,108.8
494,1993,4,4,2,29,1,Beed,Semi-Furnished,136.16
495,1985,4,3,1,7,0,Nagpur,Semi-Furnished,162.05
496,1031,1,1,3,24,1,Latur,Unfurnished,84.33
497,1708,2,1,2,27,1,Amravati,Semi-Furnished,108.83
498,1436,2,1,2,14,2,Aurangabad,Semi-Furnished,132.4
499,1246,2,1,2,16,2,Ahmednagar,Semi-Furnished,123.8
500,1016,2,1,2,22,1,Kolhapur,Furnished,115.52
501,995,2,1,3,18,1,Solapur,Semi-Furnished,103.65
502,605,1,1,2,4,1,Nashik,Semi-Furnished,98.41
503,1911,3,3,1,2,1,Aurangabad,Unfurnished,181.79
504,976,2,1,1,13,1,Nashik,Unfurnished,127.9
505,1549,3,2,4,5,1,Kolhapur,Unfurnished,143.81
506,962,1,1,3,8,1,Solapur,Semi-Furnished,104.8
507,1575,3,3,3,4,3,Solapur,Unfurnished,160.28
508,1005,2,1,1,18,2,Mumbai,Unfurnished,227.63
509,1250,2,1,2,7,1,Jalgaon,Furnished,116.84
510,1331,2,1,2,27,0,Beed,Furnished,92.74
511,1748,3,3,2,3,1,Kolhapur,Semi-Furnished,152.25
512,1369,1,1,2,29,2,Mumbai,Semi-Furnished,256.6
513,1555,3,3,3,5,2,Pune,Unfurnished,203.67
514,1015,1,1,3,15,1,Ahmednagar,Semi-Furnished,101.55
515,1245,2,1,2,8,1,Mumbai,Semi-Furnished,252.66
516,1385,2,2,2,6,0,Pune,Semi-Furnished,212.41
517,1314,2,1,1,23,2,Amravati,Furnished,124.9
518,1826,4,3,1,2,1,Sangli,Furnished,165.61
519,1039,2,1,2,17,0,Nashik,Semi-Furnished,120.32
520,1401,2,1,1,28,0,Nanded,Furnished,107.78
521,1488,3,2,2,20,1,Amravati,Semi-Furnished,124.49
522,1244,3,2,2,24,1,Pune,Unfurnished,172.52
523,1270,3,2,2,3,1,Mumbai,Semi-Furnished,266.72
524,853,2,1,1,17,0,Latur,Unfurnished,74.94
525,866,2,1,3,24,2,Beed,Furnished,69.11
526,1170,2,1,2,26,1,Jalgaon,Unfurnished,87.08
527,1421,2,2,1,29,1,Amravati,Unfurnished,112.19
528,450,1,1,1,19,0,Kolhapur,Semi-Furnished,75.42
529,1998,4,4,2,15,0,Solapur,Unfurnished,139.02
530,1517,3,2,2,20,3,Nanded,Semi-Furnished,120.4
531,1574,3,3,2,14,0,Pune,Semi-Furnished,201.48
532,649,1,1,2,0,1,Beed,Semi-Furnished,88.43
533,1137,2,2,4,14,0,Satara,Furnished,129.57
534,1064,2,1,2,4,1,Latur,Semi-Furnished,105.55
535,2043,4,3,1,16,2,Beed,Unfurnished,133.96
536,1557,4,3,2,9,0,Latur,Unfurnished,125.06
537,863,1,1,2,21,1,Solapur,Unfurnished,79.8
538,1802,4,3,2,26,3,Solapur,Semi-Furnished,170.19
539,2227,4,3,3,14,0,Nagpur,Semi-Furnished,204.53
540,1165,2,2,3,4,0,Latur,Semi-Furnished,115.28
541,1662,4,4,1,17,1,Solapur,Semi-Furnished,157.98
542,450,1,1,2,26,3,Nanded,Semi-Furnished,43.29
543,1672,3,2,1,9,3,Ahmednagar,Furnished,137.79
544,1337,3,3,4,23,1,Aurangabad,Semi-Furnished,122.75
545,1288,2,1,1,26,1,Amravati,Unfurnished,93.88
546,999,1,1,1,24,1,Jalgaon,Semi-Furnished,86.6
547,904,2,2,3,22,0,Latur,Semi-Furnished,94.78
548,1582,3,2,2,17,0,Mumbai,Semi-Furnished,271.79
549,1815,3,2,1,12,0,Pune,Semi-Furnished,207.9
550,828,2,2,2,6,1,Satara,Unfurnished,95.86
551,847,1,1,1,0,2,Satara,Unfurnished,102.77
552,953,2,2,2,27,1,Pune,Furnished,173.37
553,756,1,1,3,10,2,Sangli,Unfurnished,95.77
554,460,1,1,2,10,0,Satara,Semi-Furnished,83.96
555,1532,3,2,2,1,1,Pune,Semi-Furnished,208.21
556,450,1,1,2,13,2,Solapur,Semi-Furnished,90.52
557,450,1,1,2,4,0,Mumbai,Furnished,227.85
558,1098,2,1,3,10,1,Latur,Semi-Furnished,98.98
559,489,1,1,3,11,0,Satara,Furnished,78.65
560,1539,2,1,2,5,1,Ahmednagar,Furnished,130.67
561,1814,3,2,3,30,1,Nanded,Semi-Furnished,123.4
562,1325,2,1,2,23,0,Jalgaon,Semi-Furnished,118.17
563,1175,3,2,2,8,0,Beed,Unfurnished,86.62
564,1069,1,1,2,28,2,Nanded,Semi-Furnished,89.49
565,1643,3,2,3,22,2,Mumbai,Semi-Furnished,286.09
566,1080,3,2,1,28,1,Nanded,Furnished,108.16
567,1182,1,1,1,28,1,Latur,Semi-Furnished,88.48
568,450,1,1,1,12,0,Mumbai,Unfurnished,209.94
569,794,2,1,2,18,0,Nanded,Furnished,81.03
570,954,2,1,1,10,1,Ahmednagar,Unfurnished,96.02
571,1184,3,2,3,8,2,Pune,Furnished,207.49
572,463,1,1,1,5,2,Satara,Unfurnished,79.37
573,1269,3,2,2,20,1,Beed,Unfurnished,102.47
574,708,2,1,2,20,1,Sangli,Semi-Furnished,76.81
575,1337,3,2,1,19,1,Jalgaon,Semi-Furnished,106.83
576,1118,2,1,1,28,1,Mumbai,Semi-Furnished,228.17
577,1320,2,2,2,0,0,Nanded,Furnished,153.83
578,450,1,1,1,9,0,Nanded,Furnished,73.18
579,1629,3,3,1,14,0,Beed,Semi-Furnished,128.82
580,1548,3,2,2,13,2,Pune,Semi-Furnished,199.8
581,615,2,2,2,25,0,Ahmednagar,Furnished,81.78
582,846,2,2,2,12,1,Satara,Semi-Furnished,89.17
583,1514,2,1,3,8,0,Kolhapur,Semi-Furnished,144.46
584,1803,4,4,2,1,1,Nanded,Unfurnished,158.62
585,941,1,1,2,2,1,Satara,Unfurnished,98.62
586,1935,4,3,2,11,1,Nagpur,Furnished,193.97
587,2017,3,3,2,5,1,Ahmednagar,Unfurnished,145.8
588,979,1,1,3,28,0,Pune,Unfurnished,148.31
589,1435,2,1,2,10,1,Latur,Furnished,131.46
590,1716,2,2,3,17,0,Nanded,Unfurnished,132.75
591,827,1,1,2,13,1,Latur,Semi-Furnished,85.88
592,628,1,1,3,28,1,Sangli,Unfurnished,62.91
593,863,2,2,2,17,1,Kolhapur,Semi-Furnished,99.22
594,1531,2,2,1,29,0,Satara,Unfurnished,112.44
595,1587,2,1,3,12,1,Pune,Unfurnished,215.5
596,836,2,1,3,29,0,Amravati,Semi-Furnished,66.0
597,1324,4,3,3,30,1,Jalgaon,Unfurnished,102.16
598,1721,2,1,3,1,0,Nashik,Furnished,189.05
599,1023,1,1,2,14,0,Amravati,Semi-Furnished,77.64
600,450,1,1,2,12,1,Nagpur,Unfurnished,83.2
601,1983,4,3,1,9,2,Beed,Unfurnished,144.93
602,1559,4,3,4,27,2,Beed,Unfurnished,120.68
603,954,2,2,2,21,1,Nagpur,Semi-Furnished,107.47
604,1180,2,1,3,21,3,Solapur,Unfurnished,122.51
605,1342,2,2,2,5,1,Beed,Semi-Furnished,121.68
606,994,2,1,1,4,1,Beed,Furnished,109.68
607,821,2,2,1,28,2,Nanded,Semi-Furnished,74.0
608,584,1,1,2,1,1,Mumbai,Semi-Furnished,211.09
609,1571,3,3,1,4,3,Kolhapur,Unfurnished,148.27
610,577,1,1,3,12,1,Beed,Semi-Furnished,64.98
611,1261,2,2,2,27,0,Nagpur,Furnished,135.37
612,1238,2,2,1,24,2,Ahmednagar,Semi-Furnished,122.92
613,1977,4,4,1,6,1,Solapur,Furnished,190.49
614,1132,1,1,4,20,1,Amravati,Unfurnished,91.85
615,1121,2,1,2,14,1,Sangli,Unfurnished,99.42
616,997,2,1,2,25,0,Aurangabad,Furnished,106.38
617,453,1,1,3,4,2,Satara,Semi-Furnished,79.05
618,1838,3,2,1,16,1,Pune,Unfurnished,221.29
619,450,1,1,1,28,2,Mumbai,Semi-Furnished,193.04
620,1992,4,3,2,8,0,Beed,Unfurnished,128.21
621,1830,3,2,2,10,0,Solapur,Semi-Furnished,146.14
622,1449,2,2,2,30,1,Mumbai,Semi-Furnished,267.83
623,1307,2,1,1,26,2,Kolhapur,Semi-Furnished,91.82
624,1557,3,2,3,28,2,Nashik,Unfurnished,170.62
625,1200,2,2,2,27,2,Solapur,Unfurnished,96.51
626,1416,2,1,2,25,0,Kolhapur,Unfurnished,96.73
627,1574,3,2,2,19,0,Ahmednagar,Unfurnished,101.34
628,1142,2,1,1,2,0,Jalgaon,Furnished,96.2
629,1827,3,3,2,18,0,Aurangabad,Unfurnished,129.56
630,1802,4,3,3,30,1,Nashik,Unfurnished,174.32
631,1215,2,2,3,16,1,Beed,Semi-Furnished,108.83
632,1957,3,2,1,15,1,Mumbai,Semi-Furnished,272.65
633,1073,2,2,1,1,2,Nashik,Furnished,150.82
634,450,1,1,3,28,1,Pune,Furnished,125.19
635,1570,2,1,3,0,3,Pune,Unfurnished,212.55
636,891,1,1,2,15,1,Amravati,Semi-Furnished,97.67
637,513,1,1,3,21,2,Ahmednagar,Furnished,66.0
638,1057,2,2,4,16,1,Pune,Furnished,201.83
639,1775,3,2,1,24,0,Amravati,Semi-Furnished,139.32
640,1800,3,3,3,24,1,Solapur,Semi-Furnished,156.2
641,924,1,1,3,10,3,Amravati,Unfurnished,85.67
642,2042,4,3,4,4,2,Pune,Furnished,253.44
643,845,2,1,3,30,1,Satara,Semi-Furnished,76.99
644,966,2,2,2,15,1,Nanded,Semi-Furnished,97.1
645,965,2,2,1,21,2,Sangli,Furnished,98.96
646,1685,3,3,4,8,1,Nashik,Unfurnished,167.77
647,2141,4,4,1,26,0,Nagpur,Furnished,198.47
648,1798,3,3,3,4,1,Ahmednagar,Unfurnished,153.04
649,1782,3,2,3,10,3,Aurangabad,Unfurnished,163.77
650,700,1,1,2,16,2,Beed,Semi-Furnished,67.74
651,1333,3,2,2,3,0,Nanded,Semi-Furnished,123.56
652,1502,3,3,2,30,0,Solapur,Semi-Furnished,110.81
653,1368,2,1,3,7,0,Amravati,Semi-Furnished,139.42
654,963,3,2,1,25,0,Nashik,Furnished,144.91
655,985,2,1,1,25,2,Nashik,Semi-Furnished,123.1
656,1148,1,1,1,28,1,Beed,Unfurnished,64.98
657,1677,4,3,1,22,2,Nanded,Semi-Furnished,148.65
658,1854,3,2,1,24,1,Latur,Unfurnished,135.0
659,1278,2,1,1,3,2,Ahmednagar,Unfurnished,120.79
660,887,1,1,2,29,2,Beed,Semi-Furnished,70.5
661,1291,2,1,4,28,0,Satara,Semi-Furnished,124.29
662,2032,4,3,1,17,1,Nashik,Semi-Furnished,174.0
663,831,2,2,2,25,1,Kolhapur,Semi-Furnished,88.09
664,1585,3,2,2,12,2,Jalgaon,Unfurnished,105.59
665,1001,1,1,1,7,2,Satara,Semi-Furnished,104.51
666,1095,3,3,1,21,1,Satara,Furnished,104.02
667,1889,3,2,2,27,2,Mumbai,Semi-Furnished,290.21
668,1592,3,2,2,10,2,Beed,Semi-Furnished,130.89
669,2045,3,3,1,19,0,Amravati,Semi-Furnished,144.64
670,1359,3,2,1,5,1,Nagpur,Semi-Furnished,162.98
671,1875,3,3,1,16,3,Sangli,Unfurnished,150.12
672,1474,3,2,1,6,1,Pune,Unfurnished,186.71
673,1159,2,1,1,6,0,Amravati,Furnished,110.7
674,1538,3,2,2,12,1,Ahmednagar,Furnished,160.78
675,1340,3,2,4,2,0,Kolhapur,Semi-Furnished,153.46
676,1757,3,3,1,30,0,Ahmednagar,Furnished,132.57
677,450,1,1,3,21,2,Nashik,Furnished,100.85
678,614,1,1,3,20,0,Aurangabad,Unfurnished,91.55
679,1221,2,2,3,18,1,Jalgaon,Semi-Furnished,108.68
680,1530,2,1,1,6,1,Mumbai,Furnished,271.46
681,1019,2,1,1,0,3,Satara,Semi-Furnished,109.44
682,1183,3,3,2,18,2,Mumbai,Furnished,278.87
683,764,1,1,3,9,0,Latur,Semi-Furnished,69.28
684,1447,3,3,1,21,2,Amravati,Unfurnished,113.15
685,450,1,1,1,8,0,Kolhapur,Semi-Furnished,95.38
686,1613,3,3,1,3,2,Kolhapur,Furnished,165.41
687,1472,3,2,1,23,1,Amravati,Unfurnished,115.63
688,2096,3,3,4,1,1,Pune,Furnished,225.76
689,966,3,2,3,17,0,Beed,Unfurnished,81.87
690,1574,2,1,3,25,0,Nanded,Unfurnished,97.61
691,1016,1,1,2,28,2,Pune,Unfurnished,176.3
692,1030,1,1,3,4,2,Mumbai,Unfurnished,248.28
693,1525,3,2,1,2,0,Aurangabad,Unfurnished,143.38
694,1922,3,3,2,29,1,Nagpur,Furnished,142.66
695,1698,4,3,2,21,1,Nashik,Semi-Furnished,160.19
696,1510,3,2,4,24,0,Latur,Unfurnished,108.21
697,1837,3,3,1,13,1,Jalgaon,Furnished,144.98
698,1430,3,3,2,25,2,Sangli,Semi-Furnished,118.82
699,1510,3,2,2,1,0,Aurangabad,Unfurnished,139.22
700,1095,2,1,2,2,3,Mumbai,Furnished,273.24
701,1527,3,2,1,29,0,Satara,Semi-Furnished,136.15
702,1709,3,3,2,13,0,Aurangabad,Semi-Furnished,157.12
703,450,1,1,3,11,0,Sangli,Unfurnished,68.56
704,1217,2,1,1,10,2,Nagpur,Furnished,155.85
705,1906,4,4,4,16,1,Kolhapur,Unfurnished,166.35
706,1947,3,2,1,18,1,Latur,Semi-Furnished,143.28
707,1798,4,3,2,13,1,Jalgaon,Furnished,168.7
708,1990,4,3,1,22,1,Nanded,Semi-Furnished,130.49
709,450,1,1,3,26,0,Aurangabad,Unfurnished,61.7
710,1448,4,4,2,25,0,Aurangabad,Unfurnished,134.83
711,450,1,1,1,30,1,Mumbai,Unfurnished,181.02
712,1103,1,1,3,16,1,Latur,Furnished,89.73
713,1066,2,2,2,7,0,Nashik,Furnished,153.91
714,450,1,1,3,28,1,Nashik,Furnished,77.65
715,1314,2,2,2,11,0,Ahmednagar,Furnished,110.28
716,1565,3,2,1,11,1,Pune,Furnished,220.13
717,1142,2,1,2,23,1,Kolhapur,Unfurnished,98.43
718,658,1,1,2,25,1,Ahmednagar,Semi-Furnished,57.52
719,1895,4,3,1,28,0,Satara,Furnished,161.02
720,1336,2,1,3,13,1,Sangli,Furnished,152.97
721,477,1,1,1,30,0,Mumbai,Unfurnished,185.71
722,1674,2,1,2,3,0,Aurangabad,Unfurnished,154.75
723,1030,1,1,1,18,0,Aurangabad,Unfurnished,93.62
724,1030,3,3,1,3,2,Satara,Furnished,125.74
725,821,2,2,3,9,2,Mumbai,Unfurnished,225.09
726,747,2,1,2,28,0,Aurangabad,Unfurnished,79.28
727,520,1,1,3,9,2,Amravati,Semi-Furnished,75.85
728,2591,4,4,1,10,3,Sangli,Semi-Furnished,208.87
729,450,1,1,2,7,1,Amravati,Unfurnished,89.0
730,1611,3,2,2,27,1,Nashik,Furnished,172.25
731,1667,2,1,1,4,1,Mumbai,Unfurnished,278.25
732,1173,3,3,3,5,0,Sangli,Unfurnished,111.68
733,762,2,1,2,1,1,Beed,Furnished,100.47
734,1407,3,3,2,29,2,Satara,Unfurnished,126.32
735,1415,2,1,4,8,2,Ahmednagar,Unfurnished,115.71
736,450,1,1,3,18,1,Pune,Unfurnished,137.65
737,1017,1,1,2,6,0,Amravati,Semi-Furnished,101.22
738,1040,2,2,2,21,2,Mumbai,Furnished,249.45
739,1743,3,2,1,28,1,Jalgaon,Semi-Furnished,137.72
740,1386,4,3,1,23,0,Mumbai,Semi-Furnished,253.06
741,450,1,1,2,7,1,Nashik,Furnished,99.93
742,664,1,1,1,14,0,Nanded,Semi-Furnished,62.44
743,913,2,1,2,28,1,Kolhapur,Semi-Furnished,101.02
744,1258,2,2,3,8,2,Solapur,Furnished,115.6
745,1361,2,2,1,16,1,Nashik,Semi-Furnished,158.18
746,1773,4,4,3,10,1,Solapur,Semi-Furnished,154.39
747,827,2,1,3,25,0,Nashik,Unfurnished,103.63
748,629,1,1,1,24,0,Amravati,Unfurnished,61.12
749,1040,2,1,2,7,1,Beed,Furnished,106.41
750,1599,3,3,1,5,3,Nashik,Unfurnished,172.85
751,2171,3,2,1,4,1,Jalgaon,Semi-Furnished,148.89
752,1694,2,1,2,17,1,Nanded,Furnished,127.72
753,1689,3,2,1,4,1,Beed,Semi-Furnished,129.7
754,1208,1,1,3,14,1,Aurangabad,Unfurnished,120.46
755,640,1,1,2,3,1,Aurangabad,Unfurnished,102.08
756,828,1,1,3,9,1,Solapur,Semi-Furnished,86.57
757,450,1,1,2,3,1,Pune,Semi-Furnished,147.15
758,1639,3,2,2,24,1,Ahmednagar,Semi-Furnished,126.79
759,1539,3,2,3,5,1,Satara,Semi-Furnished,129.3
760,1182,2,2,1,15,1,Amravati,Semi-Furnished,113.65
761,450,1,1,2,11,0,Nagpur,Unfurnished,75.75
762,506,2,1,4,7,2,Nashik,Semi-Furnished,101.09
763,1306,3,2,2,14,2,Pune,Semi-Furnished,190.57
764,1252,2,1,1,18,1,Satara,Furnished,134.27
765,1710,4,4,2,14,0,Satara,Unfurnished,151.61
766,647,1,1,2,24,2,Jalgaon,Semi-Furnished,68.1
767,1784,3,2,1,16,1,Beed,Semi-Furnished,119.97
768,1572,3,2,2,22,2,Mumbai,Semi-Furnished,299.98
769,1532,4,4,3,16,0,Ahmednagar,Semi-Furnished,133.61
770,1920,4,3,3,9,0,Amravati,Furnished,163.72
771,1373,1,1,3,6,1,Nashik,Unfurnished,158.25
772,1735,3,3,1,16,3,Aurangabad,Unfurnished,151.05
773,1867,4,3,2,15,1,Aurangabad,Semi-Furnished,169.87
774,1716,3,2,3,24,1,Latur,Semi-Furnished,151.85
775,1694,3,2,3,13,1,Mumbai,Semi-Furnished,298.51
776,1326,3,2,2,5,1,Satara,Unfurnished,145.73
777,1162,3,2,2,11,0,Sangli,Unfurnished,101.18
778,1427,3,3,1,12,2,Nagpur,Unfurnished,133.96
779,968,1,1,2,30,1,Aurangabad,Furnished,113.4
780,914,2,2,1,10,2,Nanded,Unfurnished,106.44
781,1266,2,1,4,15,2,Solapur,Unfurnished,132.4
782,1433,3,3,2,0,3,Amravati,Furnished,144.89
783,883,1,1,1,25,2,Beed,Unfurnished,73.42
784,1304,3,3,1,21,2,Sangli,Unfurnished,120.0
785,1726,3,3,3,10,1,Pune,Semi-Furnished,237.75
786,1596,3,3,3,25,0,Nanded,Semi-Furnished,145.11
787,1630,3,2,1,25,1,Kolhapur,Unfurnished,138.41
788,803,1,1,2,13,0,Aurangabad,Semi-Furnished,88.09
789,1200,2,2,2,17,0,Amravati,Unfurnished,100.63
790,1923,3,2,4,4,1,Solapur,Semi-Furnished,144.94
791,846,1,1,2,26,1,Kolhapur,Semi-Furnished,81.62
792,1196,2,2,2,9,0,Solapur,Furnished,122.35
793,2044,5,5,2,30,2,Latur,Furnished,165.48
794,1172,2,1,1,12,2,Jalgaon,Unfurnished,95.55
795,972,1,1,1,8,1,Beed,Unfurnished,81.55
796,478,1,1,3,16,1,Sangli,Semi-Furnished,78.39
797,450,1,1,2,29,0,Amravati,Semi-Furnished,45.94
798,1169,3,3,3,22,0,Pune,Unfurnished,160.71
799,978,2,1,1,26,1,Nagpur,Unfurnished,88.38
800,1352,3,2,2,6,0,Kolhapur,Unfurnished,129.72
801,889,2,2,2,10,0,Nanded,Semi-Furnished,84.04
802,492,1,1,2,11,1,Beed,Semi-Furnished,65.86
803,1707,3,2,2,8,2,Nagpur,Unfurnished,149.17
804,1447,3,3,1,2,0,Jalgaon,Semi-Furnished,132.31
805,1255,2,2,2,14,2,Mumbai,Semi-Furnished,272.54
806,1155,2,1,1,30,1,Mumbai,Semi-Furnished,240.26
807,923,1,1,1,20,0,Nashik,Semi-Furnished,116.86
808,1133,2,2,2,12,0,Ahmednagar,Furnished,102.14
809,1134,2,2,1,1,1,Nanded,Furnished,108.46
810,1235,2,1,4,16,1,Ahmednagar,Unfurnished,112.77
811,1171,2,2,2,2,1,Latur,Unfurnished,120.39
812,1639,2,1,3,12,3,Pune,Semi-Furnished,214.35
813,1743,4,3,2,20,1,Pune,Furnished,222.4
814,1557,3,3,2,9,1,Aurangabad,Semi-Furnished,130.21
815,1570,2,2,2,12,2,Jalgaon,Semi-Furnished,119.17
816,2386,4,3,3,12,2,Beed,Unfurnished,151.59
817,450,1,1,2,2,2,Nashik,Semi-Furnished,121.66
818,1284,2,1,2,9,1,Nanded,Unfurnished,106.27
819,1153,1,1,1,3,2,Amravati,Semi-Furnished,113.03
820,814,1,1,1,2,1,Sangli,Furnished,100.69
821,740,2,2,3,30,3,Nanded,Semi-Furnished,88.1
822,1327,3,3,4,2,2,Nanded,Unfurnished,121.74
823,1324,2,1,2,16,1,Pune,Semi-Furnished,187.25
824,1854,3,2,2,1,0,Sangli,Semi-Furnished,166.76
825,775,2,2,3,29,2,Jalgaon,Semi-Furnished,75.81
826,1269,3,3,2,11,0,Satara,Semi-Furnished,116.23
827,1612,3,2,2,19,2,Ahmednagar,Semi-Furnished,127.86
828,1942,3,3,3,18,1,Kolhapur,Furnished,181.91
829,1076,2,1,2,6,2,Aurangabad,Furnished,124.76
830,1154,2,1,3,19,3,Solapur,Unfurnished,105.16
831,474,1,1,2,12,1,Amravati,Furnished,78.78
832,1822,4,4,1,22,0,Kolhapur,Unfurnished,166.13
833,1027,2,2,2,27,2,Pune,Semi-Furnished,172.61
834,1207,2,2,1,16,0,Satara,Furnished,133.85
835,1966,4,3,1,27,2,Mumbai,Semi-Furnished,311.49
836,1019,2,2,3,28,0,Satara,Furnished,99.29
837,707,1,1,2,14,2,Sangli,Furnished,102.74
838,1536,3,2,2,1,0,Satara,Semi-Furnished,139.45
839,988,2,1,4,1,3,Pune,Semi-Furnished,192.24
840,797,2,2,2,14,0,Solapur,Unfurnished,83.47
841,1240,3,3,3,13,2,Latur,Unfurnished,111.76
842,721,1,1,1,3,3,Nanded,Semi-Furnished,88.15
843,1466,3,2,2,6,1,Kolhapur,Semi-Furnished,142.0
844,1595,3,3,2,0,1,Kolhapur,Semi-Furnished,151.79
845,1391,2,2,2,7,0,Kolhapur,Unfurnished,135.46
846,1551,3,2,2,15,3,Solapur,Unfurnished,119.7
847,1841,4,4,2,14,2,Ahmednagar,Unfurnished,162.42
848,1426,3,3,2,13,1,Solapur,Semi-Furnished,134.36
849,766,1,1,4,19,1,Sangli,Semi-Furnished,85.42
850,1394,2,1,1,22,1,Ahmednagar,Unfurnished,96.53
851,1279,2,1,2,5,2,Solapur,Furnished,137.85
852,1154,3,3,1,8,1,Sangli,Semi-Furnished,132.38
853,1993,5,4,2,22,1,Latur,Unfurnished,164.03
854,1315,2,1,1,7,1,Aurangabad,Semi-Furnished,132.81
855,2204,4,3,2,26,0,Nashik,Semi-Furnished,182.55
856,1728,3,2,3,14,1,Nashik,Semi-Furnished,166.02
857,514,1,1,1,2,2,Solapur,Unfurnished,85.82
858,1605,3,2,1,18,0,Nashik,Unfurnished,137.07
859,1174,3,2,3,14,0,Solapur,Semi-Furnished,108.17
860,1698,3,2,1,28,0,Mumbai,Unfurnished,273.67
861,616,2,1,2,7,2,Nanded,Semi-Furnished,80.56
862,1599,3,2,2,24,1,Jalgaon,Furnished,126.64
863,1484,3,3,3,8,0,Pune,Semi-Furnished,209.57
864,993,3,3,1,11,1,Solapur,Semi-Furnished,106.01
865,1575,3,2,1,26,2,Amravati,Semi-Furnished,115.99
866,1178,2,2,3,30,1,Latur,Furnished,107.77
867,1629,3,3,1,29,1,Kolhapur,Semi-Furnished,143.42
868,1513,3,2,2,7,1,Jalgaon,Unfurnished,128.3
869,963,2,1,3,27,0,Kolhapur,Semi-Furnished,95.87
870,1556,2,1,1,24,0,Amravati,Semi-Furnished,102.31
871,1819,3,3,3,13,2,Kolhapur,Semi-Furnished,166.15
872,1823,4,4,1,6,3,Nashik,Semi-Furnished,210.34
873,1131,2,2,2,30,2,Kolhapur,Unfurnished,113.31
874,1544,3,3,1,29,0,Amravati,Semi-Furnished,112.56
875,2193,4,3,1,9,0,Solapur,Semi-Furnished,156.33
876,1978,4,3,1,14,2,Mumbai,Unfurnished,278.91
877,1180,2,1,1,5,1,Jalgaon,Unfurnished,106.4
878,1459,3,2,2,10,3,Nagpur,Semi-Furnished,152.73
879,1513,3,3,1,26,0,Amravati,Semi-Furnished,128.71
880,1087,2,1,1,8,0,Amravati,Semi-Furnished,108.62
881,756,1,1,3,1,1,Sangli,Furnished,114.48
882,1213,2,1,1,18,0,Kolhapur,Semi-Furnished,100.73
883,585,2,1,1,19,2,Sangli,Semi-Furnished,93.98
884,1457,3,2,2,22,1,Nagpur,Unfurnished,134.78
885,2150,4,3,2,11,1,Ahmednagar,Furnished,185.53
886,1336,2,1,1,18,3,Latur,Unfurnished,99.31
887,878,1,1,2,29,0,Beed,Semi-Furnished,42.52
888,1604,3,2,3,15,0,Sangli,Semi-Furnished,138.09
889,1316,2,1,4,8,0,Nagpur,Semi-Furnished,126.48
890,931,2,1,2,24,1,Beed,Semi-Furnished,68.96
891,624,1,1,2,12,0,Amravati,Furnished,84.96
892,1392,2,1,2,23,0,Nashik,Furnished,146.19
893,1622,2,2,4,25,0,Latur,Semi-Furnished,121.7
894,1815,3,2,4,8,3,Beed,Semi-Furnished,137.79
895,1355,3,2,3,19,1,Amravati,Semi-Furnished,127.15
896,2040,5,4,1,21,0,Ahmednagar,Furnished,143.67
897,1576,2,1,2,11,0,Nagpur,Unfurnished,148.43
898,842,1,1,3,23,0,Mumbai,Semi-Furnished,210.77
899,1349,3,2,1,22,1,Latur,Unfurnished,113.92
900,1811,3,3,1,8,3,Pune,Unfurnished,217.36
901,754,2,1,3,26,1,Pune,Semi-Furnished,151.21
902,1271,3,2,1,23,1,Pune,Unfurnished,184.62
903,1143,2,2,1,27,2,Amravati,Semi-Furnished,93.89
904,1441,2,1,3,8,1,Latur,Furnished,131.21
905,1249,2,2,1,2,0,Satara,Unfurnished,112.14
906,1517,3,2,1,21,0,Beed,Unfurnished,77.84
907,450,1,1,2,0,0,Kolhapur,Semi-Furnished,80.61
908,1345,3,3,2,22,0,Amravati,Unfurnished,85.84
909,934,2,1,1,4,2,Pune,Semi-Furnished,168.3
910,1245,2,1,1,5,1,Nagpur,Unfurnished,143.61
911,450,1,1,1,7,2,Latur,Unfurnished,65.31
912,946,1,1,3,3,3,Satara,Unfurnished,109.46
913,994,2,1,3,17,0,Satara,Semi-Furnished,100.55
914,1500,3,3,1,17,0,Nashik,Semi-Furnished,163.5
915,1572,3,2,2,25,1,Jalgaon,Furnished,124.16
916,1109,2,1,3,3,1,Satara,Semi-Furnished,130.6
917,1130,1,1,1,29,1,Nanded,Unfurnished,88.77
918,805,1,1,3,0,3,Latur,Unfurnished,91.88
919,1306,2,2,2,12,2,Solapur,Semi-Furnished,124.82
920,972,2,2,2,12,1,Satara,Semi-Furnished,103.77
921,935,2,1,2,16,2,Amravati,Furnished,120.76
922,1538,2,1,2,23,0,Satara,Unfurnished,133.77
923,1340,2,1,2,6,0,Aurangabad,Furnished,151.87
924,2363,4,3,2,9,3,Jalgaon,Semi-Furnished,222.58
925,1758,3,2,1,9,0,Beed,Furnished,127.2
926,1067,1,1,3,18,1,Aurangabad,Unfurnished,106.01
927,1312,3,2,3,26,2,Ahmednagar,Unfurnished,118.85
928,450,1,1,1,0,1,Kolhapur,Semi-Furnished,83.5
929,1485,2,2,1,5,1,Sangli,Semi-Furnished,120.03
930,922,2,1,1,13,1,Mumbai,Semi-Furnished,237.67
931,1915,3,3,2,7,1,Beed,Furnished,158.28
932,2023,3,3,3,29,0,Beed,Furnished,122.71
933,1855,3,2,3,2,0,Solapur,Furnished,153.02
934,1121,2,2,2,3,1,Sangli,Semi-Furnished,119.72
935,1095,3,2,3,21,3,Aurangabad,Semi-Furnished,133.02
936,989,2,1,3,6,1,Kolhapur,Semi-Furnished,130.9
937,1497,2,1,4,3,0,Beed,Semi-Furnished,131.76
938,450,1,1,1,11,2,Beed,Semi-Furnished,78.04
939,780,1,1,2,25,2,Beed,Semi-Furnished,58.04
940,1401,2,1,3,10,1,Nagpur,Semi-Furnished,148.84
941,1418,3,3,3,24,0,Mumbai,Furnished,272.21
942,1625,4,3,2,16,1,Mumbai,Semi-Furnished,279.54
943,1383,3,2,2,9,0,Amravati,Semi-Furnished,128.28
944,1028,3,2,2,8,0,Nanded,Semi-Furnished,101.24
945,1204,2,1,2,10,3,Nanded,Furnished,111.22
946,1488,3,2,1,3,2,Nashik,Furnished,177.58
947,1579,3,2,3,28,0,Amravati,Semi-Furnished,121.83
948,880,2,1,1,19,0,Nagpur,Semi-Furnished,111.53
949,561,1,1,1,30,1,Aurangabad,Semi-Furnished,72.69
950,627,1,1,4,27,1,Pune,Unfurnished,145.68
951,1327,2,2,2,30,0,Amravati,Furnished,108.87
952,1406,3,2,3,0,0,Solapur,Furnished,138.63
953,703,1,1,2,15,1,Pune,Semi-Furnished,154.37
954,1114,2,2,2,26,1,Kolhapur,Unfurnished,117.06
955,1202,2,1,1,2,0,Latur,Semi-Furnished,111.19
956,1149,2,1,1,19,1,Pune,Semi-Furnished,170.12
957,812,1,1,2,0,1,Pune,Furnished,191.25
958,1964,3,3,1,28,1,Kolhapur,Semi-Furnished,168.87
959,1421,3,2,3,8,1,Nagpur,Semi-Furnished,124.38
960,919,3,2,1,20,0,Solapur,Furnished,112.39
961,1967,4,4,1,29,0,Solapur,Semi-Furnished,159.59
962,1856,2,2,1,21,1,Beed,Semi-Furnished,121.67
963,1920,3,2,3,9,1,Ahmednagar,Semi-Furnished,153.64
964,939,1,1,1,8,0,Pune,Furnished,175.33
965,1455,2,1,1,28,2,Amravati,Semi-Furnished,117.83
966,1334,3,2,1,2,1,Nagpur,Semi-Furnished,139.63
967,944,1,1,2,11,2,Ahmednagar,Semi-Furnished,103.45
968,450,1,1,1,8,1,Beed,Unfurnished,56.9
969,1579,4,3,1,22,2,Ahmednagar,Semi-Furnished,131.81
970,722,1,1,4,19,0,Nanded,Furnished,86.63
971,1256,3,2,2,25,1,Amravati,Unfurnished,96.72
972,1302,3,2,2,12,1,Nagpur,Semi-Furnished,133.08
973,564,1,1,2,3,0,Nagpur,Semi-Furnished,96.11
974,1316,2,1,3,2,0,Beed,Furnished,116.41
975,1117,2,2,2,2,1,Nashik,Semi-Furnished,153.9
976,1265,2,2,3,17,0,Kolhapur,Semi-Furnished,110.11
977,1033,2,2,1,21,0,Beed,Unfurnished,85.32
978,1475,2,2,1,0,0,Nashik,Unfurnished,128.55
979,463,1,1,2,15,3,Ahmednagar,Semi-Furnished,55.44
980,1043,2,2,1,14,1,Sangli,Semi-Furnished,112.32
981,916,2,1,3,17,0,Nashik,Unfurnished,119.62
982,450,1,1,1,18,2,Jalgaon,Unfurnished,66.38
983,934,1,1,2,24,0,Satara,Furnished,99.85
984,982,2,1,2,24,0,Kolhapur,Unfurnished,99.11
985,1051,1,1,3,29,1,Solapur,Furnished,90.38
986,554,2,1,2,15,1,Nagpur,Semi-Furnished,92.48
987,921,1,1,2,9,0,Aurangabad,Furnished,94.83
988,1443,2,1,2,20,1,Nanded,Furnished,134.58
989,956,1,1,4,0,0,Beed,Unfurnished,93.16
990,1524,3,2,2,0,1,Jalgaon,Unfurnished,148.48
991,1322,2,1,2,15,3,Solapur,Furnished,136.25
992,759,2,2,2,24,0,Solapur,Semi-Furnished,67.26
993,1744,3,2,4,6,1,Latur,Furnished,132.92
994,816,2,1,1,19,1,Latur,Furnished,79.33
995,2475,5,4,2,3,0,Solapur,Semi-Furnished,206.28
996,1013,2,1,1,25,1,Beed,Furnished,90.3
997,1878,4,3,1,7,1,Solapur,Semi-Furnished,155.74
998,1289,3,3,2,14,1,Kolhapur,Semi-Furnished,133.02
999,1072,2,1,1,1,2,Satara,Semi-Furnished,115.29
1000,1043,3,3,2,11,0,Mumbai,Semi-Furnished,236.39
